-- phpMyAdmin SQL Dump
-- version 5.2.1
-- https://www.phpmyadmin.net/
--
-- Host: 127.0.0.1
-- Tempo de geração: 29-Maio-2023 às 05:39
-- Versão do servidor: 10.4.28-MariaDB
-- versão do PHP: 8.2.4

SET SQL_MODE = "NO_AUTO_VALUE_ON_ZERO";
START TRANSACTION;
SET time_zone = "+00:00";


/*!40101 SET @OLD_CHARACTER_SET_CLIENT=@@CHARACTER_SET_CLIENT */;
/*!40101 SET @OLD_CHARACTER_SET_RESULTS=@@CHARACTER_SET_RESULTS */;
/*!40101 SET @OLD_COLLATION_CONNECTION=@@COLLATION_CONNECTION */;
/*!40101 SET NAMES utf8mb4 */;

--
-- Banco de dados: `clothesdb`
--

--
-- Extraindo dados da tabela `addresses`
--

INSERT INTO `addresses` (`id`, `address`, `city`, `country`, `created_time`) VALUES
(1, 'Luanda, Neves Bendinha', 'Luanda', 'Angola', '2023-05-16 16:33:25.871152'),
(2, 'Luanda', 'Luanda', 'Angola', '2023-05-22 12:26:31.241082'),
(3, 'Santa Clara', 'Coimbra', 'Angola', '2023-05-24 22:15:52.718740'),
(4, 'Luanda, Angola', 'Luanda', 'Angola', '2023-05-24 22:25:25.021052'),
(5, 'Luanda, Rangel', 'Luanda', 'Angola', '2023-05-29 04:09:46.336102');

--
-- Extraindo dados da tabela `orders`
--

INSERT INTO `orders` (`id`, `created_time`, `is_paid`, `note`, `order_reference`, `pay_pal_email`, `reference_location`, `shipping`, `status`, `total`, `user_address_id`, `user_id`, `items`) VALUES
(1, '2023-05-28 02:05:34.380748', b'1', 'Single shipping.', 'VPIFKO3IB7', 'eduardovatuva@gmail.com', 'Nossa Casa', 0.00, 1, 129691.00, 2, 3, 12),
(2, '2023-05-28 02:06:55.142075', b'1', '', 'H72PIO1VJJ', 'eduardovatuva@gmail.com', 'IMETRO COLLEGE', 500.00, 2, 12261.00, 2, 3, 1),
(3, '2023-05-28 02:08:12.564642', b'1', '', 'UWWMBCRCJT', 'eduardovatuva@gmail.com', 'IMETRO COLLEGE', 500.00, 3, 21630.00, 2, 3, 1),
(4, '2023-05-28 02:08:57.274130', b'1', '', 'N4D0NV1832', 'eduardovatuva@gmail.com', 'Nossa Casa', 500.00, 4, 13995.00, 2, 3, 1),
(5, '2023-05-28 02:09:34.321197', b'1', '', 'TA9HN6WXJS', 'eduardovatuva@gmail.com', 'Nossa Casa', 500.00, 5, 4318.00, 2, 3, 1),
(6, '2023-05-28 02:10:09.560361', b'1', '', 'O0WAZXO6AN', 'eduardovatuva@gmail.com', 'IMETRO COLLEGE', 500.00, 0, 38022.00, 2, 3, 2),
(7, '2023-05-28 23:23:46.511995', b'1', '', 'UG4G8BWYCS', 'eduardovatuva@gmail.com', 'IMETRO COLLEGE', 500.00, 0, 19261.00, 2, 3, 1),
(8, '2023-05-29 00:47:00.268303', b'1', 'Please pack the items carefully to avoid any damage during transit. If possible, I would like to receive all items in a single package to minimize waste of packaging material.', '211OUL4X7U', 'josematoso@clothes.com', 'Instituto Superior Politécnico Metropolitano de Angola, Arreiou', 500.00, 0, 23010.00, 1, 2, 8),
(9, '2023-05-29 04:20:22.801053', b'1', '', 'M3E08UZZZL', 'b@clothes.ao', 'IMETRO COLLEGE', 500.00, 0, 12916.00, 5, 6, 1),
(10, '2023-05-29 04:22:22.754639', b'1', 'Por favor, embale os itens cuidadosamente para evitar qualquer dano durante o transporte. Se possível, gostaria de receber todos os itens em uma única embalagem para minimizar o desperdício de material de embalagem.', '7YDTB6FJON', 'b@clothes.ao', 'São Paulo, Banga Shopping', 0.00, 0, 1446105.00, 5, 6, 155),
(11, '2023-05-29 04:27:21.707222', b'1', '', '9D2CTRQ42N', 'eduardovatuva@gmail.com', 'IMETRO COLLEGE', 0.00, 0, 1446105.00, 2, 3, 155),
(14, '2023-05-29 04:37:05.322781', b'1', '', 'CB57UKJ4B7', 'eduardovatuva@gmail.com', 'Nossa Casa', 0.00, 0, 136576.00, 2, 3, 11);

--
-- Extraindo dados da tabela `order_items`
--

INSERT INTO `order_items` (`id`, `order_id`, `product_id`, `product_image`, `product_name`, `product_price`, `product_quantity`) VALUES
(1, 1, 3, '/images/clothes/tops/nike-t-shirt-3-ni16805232000003.jpg', 'Nike T-Shirt', 10761.00, 3),
(2, 1, 7, '/images/clothes/shoes/converse-sneakers-7-co16812144000007.jpeg', 'Converse Sneakers', 4315.00, 1),
(3, 1, 5, '/images/clothes/bottoms/puma-joggers-5-pu16808688000005.avif', 'Puma Joggers', 5798.00, 2),
(4, 1, 11, '/images/clothes/shoes/puma-running-shoes-11-pu168173280000011.webp', 'Puma Running Shoes', 2474.00, 1),
(5, 1, 9, '/images/clothes/shoes/vans-slip-on-shoes-9-va16807824000009.webp', 'Vans Slip-on Shoes', 20806.00, 1),
(6, 1, 12, '/images/clothes/shoes/reebok-leather-sneakers-12-re168112800000012.webp', 'Reebok Leather Sneakers', 22437.00, 1),
(7, 1, 6, '/images/clothes/tops/under-armour-jacket-6-un16812144000006.webp', 'Under Armour Jacket', 13742.00, 2),
(8, 1, 1, '/images/clothes/tops/stylish-t-shirt-1-st16806320680001.webp', 'Stylish T-Shirt', 8296.00, 1),
(9, 2, 13, '/images/clothes/shoes/nike-running-shoes-13-ni168069600000013.webp', 'Nike Running Shoes', 11761.00, 1),
(10, 3, 2, '/images/clothes/shoes/adidas-running-shoes-2-ad16816563000002.webp', 'Adidas Running Shoes', 21130.00, 1),
(11, 4, 14, '/images/clothes/shoes/vans-skate-shoes-14-va168156000000014.webp', 'Vans Skate Shoes', 13495.00, 1),
(12, 5, 23, '/images/clothes/shoes/puma-running-shoes-23-pu168052320000023.webp', 'Puma Running Shoes', 3818.00, 1),
(13, 6, 22, '/images/clothes/shoes/adidas-basketball-shoes-22-ad168147360000022.webp', 'Adidas Basketball Shoes', 18761.00, 2),
(14, 7, 22, '/images/clothes/shoes/adidas-basketball-shoes-22-ad168147360000022.webp', 'Adidas Basketball Shoes', 18761.00, 1),
(15, 8, 18, '/images/clothes/shoes/reebok-tennis-shoes-18-re168156000000018.webp', 'Reebok Tennis Shoes', 2376.00, 2),
(16, 8, 1, '/images/clothes/tops/stylish-t-shirt-1-st16806320680001.webp', 'Stylish T-Shirt', 5513.00, 1),
(17, 8, 5, '/images/clothes/bottoms/puma-joggers-5-pu16808688000005.avif', 'Puma Joggers', 2622.00, 1),
(18, 8, 20, '/images/clothes/shoes/under-armour-soccer-cleats-20-un168060960000020.jpeg', 'Under Armour Soccer Cleats', 1694.00, 1),
(19, 8, 18, '/images/clothes/shoes/reebok-tennis-shoes-18-re168156000000018.webp', 'Reebok Tennis Shoes', 2376.00, 1),
(20, 8, 22, '/images/clothes/shoes/adidas-basketball-shoes-22-ad168147360000022.webp', 'Adidas Basketball Shoes', 1804.00, 1),
(21, 8, 25, '/images/clothes/shoes/nike-soccer-cleats-25-ni168078240000025.png', 'Nike Soccer Cleats', 3749.00, 1),
(22, 9, 4, '/images/clothes/tops/adidas-hoodie-4-ad16815600000004.webp', 'Adidas Hoodie', 12416.00, 1),
(23, 10, 1, '/images/clothes/tops/stylish-t-shirt-1-st16806320680001.webp', 'Stylish T-Shirt', 8296.00, 90),
(24, 10, 3, '/images/clothes/tops/nike-t-shirt-3-ni16805232000003.jpg', 'Nike T-Shirt', 10761.00, 65),
(25, 11, 1, '/images/clothes/tops/stylish-t-shirt-1-st16806320680001.webp', 'Stylish T-Shirt', 8296.00, 90),
(26, 11, 3, '/images/clothes/tops/nike-t-shirt-3-ni16805232000003.jpg', 'Nike T-Shirt', 10761.00, 65),
(27, 14, 4, '/images/clothes/tops/adidas-hoodie-4-ad16815600000004.webp', 'Adidas Hoodie', 12416.00, 11);

--
-- Extraindo dados da tabela `products`
--

INSERT INTO `products` (`id`, `brand`, `category`, `color`, `created_time`, `description`, `filter`, `friendly_url`, `genre_style`, `image_url`, `is_for_children`, `name`, `price`, `quantity_in_stock`, `size`, `weight`, `sku`) VALUES
(1, 'ABC Clothing', 0, 'Blue', '2023-04-04 18:14:28.000000', 'Introducing our new line of clothing, perfect for people looking for style, comfort and quality. Our clothes are made with the best materials, combining modern design with carefully thought out details. With a touch of elegance and a dose of personality, our pieces are ideal for all occasions. \r\n\r\n We emphasize the durability and high quality of the fabrics used in our clothing. Each piece is meticulously crafted to ensure comfort and strength, making them perfect for everyday wear. In addition, our designers work tirelessly to create body-flattering cuts and shapes that provide an impeccable fit.', 2, 'stylish-t-shirt-1', 2, '/images/clothes/tops/stylish-t-shirt-1-st16806320680001.webp', b'1', 'Stylish T-Shirt', 8296.00, 5, 4, 0.5, 'st16806320680001'),
(2, 'Adidas', 2, 'Black', '2023-04-16 14:45:00.000000', 'Introducing our new line of clothing, perfect for people looking for style, comfort and quality. Our clothes are made with the best materials, combining modern design with carefully thought out details. With a touch of elegance and a dose of personality, our pieces are ideal for all occasions. \r\n\r\n We emphasize the durability and high quality of the fabrics used in our clothing. Each piece is meticulously crafted to ensure comfort and strength, making them perfect for everyday wear. In addition, our designers work tirelessly to create body-flattering cuts and shapes that provide an impeccable fit.', 0, 'adidas-running-shoes-2', 1, '/images/clothes/shoes/adidas-running-shoes-2-ad16816563000002.webp', b'0', 'Adidas Running Shoes', 21130.00, 49, 6, 0.5, 'ad16816563000002'),
(3, 'Nike', 0, 'Blue', '2023-04-03 12:00:00.000000', 'Introducing our new line of clothing, perfect for people looking for style, comfort and quality. Our clothes are made with the best materials, combining modern design with carefully thought out details. With a touch of elegance and a dose of personality, our pieces are ideal for all occasions. \r\n\r\n We emphasize the durability and high quality of the fabrics used in our clothing. Each piece is meticulously crafted to ensure comfort and strength, making them perfect for everyday wear. In addition, our designers work tirelessly to create body-flattering cuts and shapes that provide an impeccable fit.', 2, 'nike-t-shirt-3', 1, '/images/clothes/tops/nike-t-shirt-3-ni16805232000003.jpg', b'1', 'Nike T-Shirt', 10761.00, 0, 2, 0.393307, 'ni16805232000003'),
(4, 'Adidas', 0, 'Black', '2023-04-15 12:00:00.000000', 'Introducing our new line of clothing, perfect for people looking for style, comfort and quality. Our clothes are made with the best materials, combining modern design with carefully thought out details. With a touch of elegance and a dose of personality, our pieces are ideal for all occasions. \r\n\r\n We emphasize the durability and high quality of the fabrics used in our clothing. Each piece is meticulously crafted to ensure comfort and strength, making them perfect for everyday wear. In addition, our designers work tirelessly to create body-flattering cuts and shapes that provide an impeccable fit.', 2, 'adidas-hoodie-4', 1, '/images/clothes/tops/adidas-hoodie-4-ad16815600000004.webp', b'0', 'Adidas Hoodie', 12416.00, 10, 1, 0.970586, 'ad16815600000004'),
(5, 'Puma', 1, 'Red', '2023-04-07 12:00:00.000000', 'Introducing our new line of clothing, perfect for people looking for style, comfort and quality. Our clothes are made with the best materials, combining modern design with carefully thought out details. With a touch of elegance and a dose of personality, our pieces are ideal for all occasions. \r\n\r\n We emphasize the durability and high quality of the fabrics used in our clothing. Each piece is meticulously crafted to ensure comfort and strength, making them perfect for everyday wear. In addition, our designers work tirelessly to create body-flattering cuts and shapes that provide an impeccable fit.', 2, 'puma-joggers-5', 1, '/images/clothes/bottoms/puma-joggers-5-pu16808688000005.avif', b'0', 'Puma Joggers', 5798.00, 33, 1, 0.497277, 'pu16808688000005'),
(6, 'Under Armour', 0, 'Gray', '2023-04-11 12:00:00.000000', 'Introducing our new line of clothing, perfect for people looking for style, comfort and quality. Our clothes are made with the best materials, combining modern design with carefully thought out details. With a touch of elegance and a dose of personality, our pieces are ideal for all occasions. \r\n\r\n We emphasize the durability and high quality of the fabrics used in our clothing. Each piece is meticulously crafted to ensure comfort and strength, making them perfect for everyday wear. In addition, our designers work tirelessly to create body-flattering cuts and shapes that provide an impeccable fit.', 0, 'under-armour-jacket-6', 0, '/images/clothes/tops/under-armour-jacket-6-un16812144000006.webp', b'0', 'Under Armour Jacket', 13742.00, 52, 6, 1.79026, 'un16812144000006'),
(7, 'Converse', 2, 'White', '2023-04-11 12:00:00.000000', 'Introducing our new line of clothing, perfect for people looking for style, comfort and quality. Our clothes are made with the best materials, combining modern design with carefully thought out details. With a touch of elegance and a dose of personality, our pieces are ideal for all occasions. \r\n\r\n We emphasize the durability and high quality of the fabrics used in our clothing. Each piece is meticulously crafted to ensure comfort and strength, making them perfect for everyday wear. In addition, our designers work tirelessly to create body-flattering cuts and shapes that provide an impeccable fit.', 0, 'converse-sneakers-7', 1, '/images/clothes/shoes/converse-sneakers-7-co16812144000007.jpeg', b'0', 'Converse Sneakers', 4315.00, 64, 3, 1.91715, 'co16812144000007'),
(8, 'Nike', 2, 'Blue', '2023-04-03 12:00:00.000000', 'Introducing our new line of clothing, perfect for people looking for style, comfort and quality. Our clothes are made with the best materials, combining modern design with carefully thought out details. With a touch of elegance and a dose of personality, our pieces are ideal for all occasions. \r\n\r\n We emphasize the durability and high quality of the fabrics used in our clothing. Each piece is meticulously crafted to ensure comfort and strength, making them perfect for everyday wear. In addition, our designers work tirelessly to create body-flattering cuts and shapes that provide an impeccable fit.', 2, 'nike-running-shoe-8', 0, '/images/clothes/shoes/nike-running-shoe-8-ni16805232000008.png', b'0', 'Nike Running Shoe', 2350.00, 22, 1, 2.07612, 'ni16805232000008'),
(9, 'Vans', 2, 'Black/White', '2023-04-06 12:00:00.000000', 'Introducing our new line of clothing, perfect for people looking for style, comfort and quality. Our clothes are made with the best materials, combining modern design with carefully thought out details. With a touch of elegance and a dose of personality, our pieces are ideal for all occasions. \r\n\r\n We emphasize the durability and high quality of the fabrics used in our clothing. Each piece is meticulously crafted to ensure comfort and strength, making them perfect for everyday wear. In addition, our designers work tirelessly to create body-flattering cuts and shapes that provide an impeccable fit.', 0, 'vans-slip-on-shoes-9', 2, '/images/clothes/shoes/vans-slip-on-shoes-9-va16807824000009.webp', b'0', 'Vans Slip-on Shoes', 20806.00, 85, 0, 0.892173, 'va16807824000009'),
(10, 'Adidas', 2, 'Black/Red', '2023-04-06 12:00:00.000000', 'Introducing our new line of clothing, perfect for people looking for style, comfort and quality. Our clothes are made with the best materials, combining modern design with carefully thought out details. With a touch of elegance and a dose of personality, our pieces are ideal for all occasions. \r\n\r\n We emphasize the durability and high quality of the fabrics used in our clothing. Each piece is meticulously crafted to ensure comfort and strength, making them perfect for everyday wear. In addition, our designers work tirelessly to create body-flattering cuts and shapes that provide an impeccable fit.', 1, 'adidas-basketball-shoes-10', 2, '/images/clothes/shoes/adidas-basketball-shoes-10-ad168078240000010.webp', b'0', 'Adidas Basketball Shoes', 3978.00, 42, 2, 0.83039, 'ad168078240000010'),
(11, 'Puma', 2, 'Black/Yellow', '2023-04-17 12:00:00.000000', 'Introducing our new line of clothing, perfect for people looking for style, comfort and quality. Our clothes are made with the best materials, combining modern design with carefully thought out details. With a touch of elegance and a dose of personality, our pieces are ideal for all occasions. \r\n\r\n We emphasize the durability and high quality of the fabrics used in our clothing. Each piece is meticulously crafted to ensure comfort and strength, making them perfect for everyday wear. In addition, our designers work tirelessly to create body-flattering cuts and shapes that provide an impeccable fit.', 0, 'puma-running-shoes-11', 2, '/images/clothes/shoes/puma-running-shoes-11-pu168173280000011.webp', b'0', 'Puma Running Shoes', 2474.00, 55, 2, 0.356824, 'pu168173280000011'),
(12, 'Reebok', 2, 'White/Blue', '2023-04-10 12:00:00.000000', 'Introducing our new line of clothing, perfect for people looking for style, comfort and quality. Our clothes are made with the best materials, combining modern design with carefully thought out details. With a touch of elegance and a dose of personality, our pieces are ideal for all occasions. \r\n\r\n We emphasize the durability and high quality of the fabrics used in our clothing. Each piece is meticulously crafted to ensure comfort and strength, making them perfect for everyday wear. In addition, our designers work tirelessly to create body-flattering cuts and shapes that provide an impeccable fit.', 1, 'reebok-leather-sneakers-12', 0, '/images/clothes/shoes/reebok-leather-sneakers-12-re168112800000012.webp', b'0', 'Reebok Leather Sneakers', 22437.00, 86, 0, 1.15691, 're168112800000012'),
(13, 'Nike', 2, 'Blue/White', '2023-04-05 12:00:00.000000', 'Introducing our new line of clothing, perfect for people looking for style, comfort and quality. Our clothes are made with the best materials, combining modern design with carefully thought out details. With a touch of elegance and a dose of personality, our pieces are ideal for all occasions. \r\n\r\n We emphasize the durability and high quality of the fabrics used in our clothing. Each piece is meticulously crafted to ensure comfort and strength, making them perfect for everyday wear. In addition, our designers work tirelessly to create body-flattering cuts and shapes that provide an impeccable fit.', 2, 'nike-running-shoes-13', 1, '/images/clothes/shoes/nike-running-shoes-13-ni168069600000013.webp', b'0', 'Nike Running Shoes', 11761.00, 56, 1, 1.03587, 'ni168069600000013'),
(14, 'Vans', 2, 'Black/White', '2023-04-15 12:00:00.000000', 'Introducing our new line of clothing, perfect for people looking for style, comfort and quality. Our clothes are made with the best materials, combining modern design with carefully thought out details. With a touch of elegance and a dose of personality, our pieces are ideal for all occasions. \r\n\r\n We emphasize the durability and high quality of the fabrics used in our clothing. Each piece is meticulously crafted to ensure comfort and strength, making them perfect for everyday wear. In addition, our designers work tirelessly to create body-flattering cuts and shapes that provide an impeccable fit.', 0, 'vans-skate-shoes-14', 1, '/images/clothes/shoes/vans-skate-shoes-14-va168156000000014.webp', b'0', 'Vans Skate Shoes', 13495.00, 24, 5, 0.688335, 'va168156000000014'),
(15, 'Converse', 2, 'Red/White', '2023-04-07 12:00:00.000000', 'Introducing our new line of clothing, perfect for people looking for style, comfort and quality. Our clothes are made with the best materials, combining modern design with carefully thought out details. With a touch of elegance and a dose of personality, our pieces are ideal for all occasions. \r\n\r\n We emphasize the durability and high quality of the fabrics used in our clothing. Each piece is meticulously crafted to ensure comfort and strength, making them perfect for everyday wear. In addition, our designers work tirelessly to create body-flattering cuts and shapes that provide an impeccable fit.', 1, 'converse-high-top-sneakers-15', 1, '/images/clothes/shoes/converse-high-top-sneakers-15-co168086880000015.jpg', b'0', 'Converse High-Top Sneakers', 8189.00, 79, 0, 1.81776, 'co168086880000015'),
(16, 'Adidas', 2, 'Black/Gold', '2023-04-06 12:00:00.000000', 'Introducing our new line of clothing, perfect for people looking for style, comfort and quality. Our clothes are made with the best materials, combining modern design with carefully thought out details. With a touch of elegance and a dose of personality, our pieces are ideal for all occasions. \r\n\r\n We emphasize the durability and high quality of the fabrics used in our clothing. Each piece is meticulously crafted to ensure comfort and strength, making them perfect for everyday wear. In addition, our designers work tirelessly to create body-flattering cuts and shapes that provide an impeccable fit.', 2, 'adidas-basketball-shoes-16', 1, '/images/clothes/shoes/adidas-basketball-shoes-16-ad168078240000016.webp', b'0', 'Adidas Basketball Shoes', 22464.00, 83, 2, 1.73417, 'ad168078240000016'),
(17, 'Puma', 2, 'Grey/Black', '2023-04-02 12:00:00.000000', 'Introducing our new line of clothing, perfect for people looking for style, comfort and quality. Our clothes are made with the best materials, combining modern design with carefully thought out details. With a touch of elegance and a dose of personality, our pieces are ideal for all occasions. \r\n\r\n We emphasize the durability and high quality of the fabrics used in our clothing. Each piece is meticulously crafted to ensure comfort and strength, making them perfect for everyday wear. In addition, our designers work tirelessly to create body-flattering cuts and shapes that provide an impeccable fit.', 1, 'puma-running-shoes-17', 1, '/images/clothes/shoes/puma-running-shoes-17-pu168043680000017.webp', b'0', 'Puma Running Shoes', 17751.00, 6, 3, 0.5556, 'pu168043680000017'),
(18, 'Reebok', 2, 'White/Green', '2023-04-15 12:00:00.000000', 'Introducing our new line of clothing, perfect for people looking for style, comfort and quality. Our clothes are made with the best materials, combining modern design with carefully thought out details. With a touch of elegance and a dose of personality, our pieces are ideal for all occasions. \r\n\r\n We emphasize the durability and high quality of the fabrics used in our clothing. Each piece is meticulously crafted to ensure comfort and strength, making them perfect for everyday wear. In addition, our designers work tirelessly to create body-flattering cuts and shapes that provide an impeccable fit.', 2, 'reebok-tennis-shoes-18', 2, '/images/clothes/shoes/reebok-tennis-shoes-18-re168156000000018.webp', b'0', 'Reebok Tennis Shoes', 20364.00, 79, 4, 0.314167, 're168156000000018'),
(19, 'Nike', 2, 'Blue/White', '2023-04-13 12:00:00.000000', 'Introducing our new line of clothing, perfect for people looking for style, comfort and quality. Our clothes are made with the best materials, combining modern design with carefully thought out details. With a touch of elegance and a dose of personality, our pieces are ideal for all occasions. \r\n\r\n We emphasize the durability and high quality of the fabrics used in our clothing. Each piece is meticulously crafted to ensure comfort and strength, making them perfect for everyday wear. In addition, our designers work tirelessly to create body-flattering cuts and shapes that provide an impeccable fit.', 0, 'nike-running-shoes-19', 2, '/images/clothes/shoes/nike-running-shoes-19-ni168138720000019.webp', b'0', 'Nike Running Shoes', 1566.00, 94, 4, 1.53759, 'ni168138720000019'),
(20, 'Under Armour', 2, 'Black/Red', '2023-04-04 12:00:00.000000', 'Introducing our new line of clothing, perfect for people looking for style, comfort and quality. Our clothes are made with the best materials, combining modern design with carefully thought out details. With a touch of elegance and a dose of personality, our pieces are ideal for all occasions. \r\n\r\n We emphasize the durability and high quality of the fabrics used in our clothing. Each piece is meticulously crafted to ensure comfort and strength, making them perfect for everyday wear. In addition, our designers work tirelessly to create body-flattering cuts and shapes that provide an impeccable fit.', 1, 'under-armour-soccer-cleats-20', 0, '/images/clothes/shoes/under-armour-soccer-cleats-20-un168060960000020.jpeg', b'0', 'Under Armour Soccer Cleats', 14739.00, 85, 3, 1.05287, 'un168060960000020'),
(21, 'Vans', 2, 'Black/White', '2023-04-06 12:00:00.000000', 'Introducing our new line of clothing, perfect for people looking for style, comfort and quality. Our clothes are made with the best materials, combining modern design with carefully thought out details. With a touch of elegance and a dose of personality, our pieces are ideal for all occasions. \r\n\r\n We emphasize the durability and high quality of the fabrics used in our clothing. Each piece is meticulously crafted to ensure comfort and strength, making them perfect for everyday wear. In addition, our designers work tirelessly to create body-flattering cuts and shapes that provide an impeccable fit.', 0, 'vans-skateboarding-shoes-21', 2, '/images/clothes/shoes/vans-skateboarding-shoes-21-va168078240000021.jpeg', b'0', 'Vans Skateboarding Shoes', 21996.00, 51, 2, 0.23525, 'va168078240000021'),
(22, 'Adidas', 2, 'Black/Gold', '2023-04-14 12:00:00.000000', 'Introducing our new line of clothing, perfect for people looking for style, comfort and quality. Our clothes are made with the best materials, combining modern design with carefully thought out details. With a touch of elegance and a dose of personality, our pieces are ideal for all occasions. \r\n\r\n We emphasize the durability and high quality of the fabrics used in our clothing. Each piece is meticulously crafted to ensure comfort and strength, making them perfect for everyday wear. In addition, our designers work tirelessly to create body-flattering cuts and shapes that provide an impeccable fit.', 1, 'adidas-basketball-shoes-22', 1, '/images/clothes/shoes/adidas-basketball-shoes-22-ad168147360000022.webp', b'0', 'Adidas Basketball Shoes', 18761.00, 20, 0, 1.17449, 'ad168147360000022'),
(23, 'Puma', 2, 'Gray/White', '2023-04-03 12:00:00.000000', 'Introducing our new line of clothing, perfect for people looking for style, comfort and quality. Our clothes are made with the best materials, combining modern design with carefully thought out details. With a touch of elegance and a dose of personality, our pieces are ideal for all occasions. \r\n\r\n We emphasize the durability and high quality of the fabrics used in our clothing. Each piece is meticulously crafted to ensure comfort and strength, making them perfect for everyday wear. In addition, our designers work tirelessly to create body-flattering cuts and shapes that provide an impeccable fit.', 1, 'puma-running-shoes-23', 2, '/images/clothes/shoes/puma-running-shoes-23-pu168052320000023.webp', b'0', 'Puma Running Shoes', 3818.00, 58, 3, 1.18158, 'pu168052320000023'),
(24, 'Reebok', 2, 'White/Blue', '2023-04-01 12:00:00.000000', 'Introducing our new line of clothing, perfect for people looking for style, comfort and quality. Our clothes are made with the best materials, combining modern design with carefully thought out details. With a touch of elegance and a dose of personality, our pieces are ideal for all occasions. \r\n\r\n We emphasize the durability and high quality of the fabrics used in our clothing. Each piece is meticulously crafted to ensure comfort and strength, making them perfect for everyday wear. In addition, our designers work tirelessly to create body-flattering cuts and shapes that provide an impeccable fit.', 2, 'reebok-cross-training-shoes-24', 1, '/images/clothes/shoes/reebok-cross-training-shoes-24-re168035040000024.webp', b'0', 'Reebok Cross-Training Shoes', 7807.00, 41, 3, 0.72821, 're168035040000024'),
(25, 'Nike', 2, 'Red/Black', '2023-04-06 12:00:00.000000', 'Introducing our new line of clothing, perfect for people looking for style, comfort and quality. Our clothes are made with the best materials, combining modern design with carefully thought out details. With a touch of elegance and a dose of personality, our pieces are ideal for all occasions. \r\n\r\n We emphasize the durability and high quality of the fabrics used in our clothing. Each piece is meticulously crafted to ensure comfort and strength, making them perfect for everyday wear. In addition, our designers work tirelessly to create body-flattering cuts and shapes that provide an impeccable fit.', 2, 'nike-soccer-cleats-25', 2, '/images/clothes/shoes/nike-soccer-cleats-25-ni168078240000025.png', b'0', 'Nike Soccer Cleats', 3582.00, 45, 4, 1.96717, 'ni168078240000025'),
(26, 'Under Armour', 1, 'Gray/Black', '2023-04-07 12:00:00.000000', 'Introducing our new line of clothing, perfect for people looking for style, comfort and quality. Our clothes are made with the best materials, combining modern design with carefully thought out details. With a touch of elegance and a dose of personality, our pieces are ideal for all occasions. \r\n\r\n We emphasize the durability and high quality of the fabrics used in our clothing. Each piece is meticulously crafted to ensure comfort and strength, making them perfect for everyday wear. In addition, our designers work tirelessly to create body-flattering cuts and shapes that provide an impeccable fit.', 0, 'under-armour-leggings-26', 2, '/images/clothes/bottoms/under-armour-leggings-26-un168086880000026.jpg', b'0', 'Under Armour Leggings', 16491.00, 60, 5, 1.22878, 'un168086880000026'),
(27, 'Adidas', 3, 'Blue/White', '2023-04-07 12:00:00.000000', 'Introducing our new line of clothing, perfect for people looking for style, comfort and quality. Our clothes are made with the best materials, combining modern design with carefully thought out details. With a touch of elegance and a dose of personality, our pieces are ideal for all occasions. \r\n\r\n We emphasize the durability and high quality of the fabrics used in our clothing. Each piece is meticulously crafted to ensure comfort and strength, making them perfect for everyday wear. In addition, our designers work tirelessly to create body-flattering cuts and shapes that provide an impeccable fit.', 2, 'adidas-baseball-cap-27', 1, '/images/clothes/accessories/adidas-baseball-cap-27-ad168086880000027.webp', b'1', 'Adidas Baseball Cap', 1708.00, 70, 5, 0, 'ad168086880000027'),
(28, 'Puma', 2, 'Black/White', '2023-04-17 12:00:00.000000', 'Introducing our new line of clothing, perfect for people looking for style, comfort and quality. Our clothes are made with the best materials, combining modern design with carefully thought out details. With a touch of elegance and a dose of personality, our pieces are ideal for all occasions. \r\n\r\n We emphasize the durability and high quality of the fabrics used in our clothing. Each piece is meticulously crafted to ensure comfort and strength, making them perfect for everyday wear. In addition, our designers work tirelessly to create body-flattering cuts and shapes that provide an impeccable fit.', 1, 'puma-canvas-sneakers-28', 2, '/images/clothes/shoes/puma-canvas-sneakers-28-pu168173280000028.webp', b'0', 'Puma Canvas Sneakers', 4068.00, 32, 3, 0, 'pu168173280000028'),
(29, 'GAP', 0, 'Blue', '2023-04-08 12:00:00.000000', 'Introducing our new line of clothing, perfect for people looking for style, comfort and quality. Our clothes are made with the best materials, combining modern design with carefully thought out details. With a touch of elegance and a dose of personality, our pieces are ideal for all occasions. \r\n\r\n We emphasize the durability and high quality of the fabrics used in our clothing. Each piece is meticulously crafted to ensure comfort and strength, making them perfect for everyday wear. In addition, our designers work tirelessly to create body-flattering cuts and shapes that provide an impeccable fit.', 1, 'gap-denim-jacket-29', 1, '/images/clothes/tops/gap-denim-jacket-29-ga168095520000029.jpg', b'0', 'GAP Denim Jacket', 14216.00, 25, 3, 0, 'ga168095520000029'),
(30, 'Calvin Klein', 3, 'Black', '2023-04-15 12:00:00.000000', 'Introducing our new line of clothing, perfect for people looking for style, comfort and quality. Our clothes are made with the best materials, combining modern design with carefully thought out details. With a touch of elegance and a dose of personality, our pieces are ideal for all occasions. \r\n\r\n We emphasize the durability and high quality of the fabrics used in our clothing. Each piece is meticulously crafted to ensure comfort and strength, making them perfect for everyday wear. In addition, our designers work tirelessly to create body-flattering cuts and shapes that provide an impeccable fit.', 0, 'calvin-klein-leather-wallet-30', 1, '/images/clothes/accessories/calvin-klein-leather-wallet-30-ca168156000000030.jpg', b'0', 'Calvin Klein Leather Wallet', 11875.00, 62, 0, 0, 'ca168156000000030'),
(31, 'Nike', 2, 'Red/Black', '2023-04-11 12:00:00.000000', 'Introducing our new line of clothing, perfect for people looking for style, comfort and quality. Our clothes are made with the best materials, combining modern design with carefully thought out details. With a touch of elegance and a dose of personality, our pieces are ideal for all occasions. \r\n\r\n We emphasize the durability and high quality of the fabrics used in our clothing. Each piece is meticulously crafted to ensure comfort and strength, making them perfect for everyday wear. In addition, our designers work tirelessly to create body-flattering cuts and shapes that provide an impeccable fit.', 1, 'nike-air-zoom-running-shoes-31', 1, '/images/clothes/shoes/nike-air-zoom-running-shoes-31-ni168121440000031.webp', b'0', 'Nike Air Zoom Running Shoes', 15726.00, 30, 4, 0, 'ni168121440000031'),
(32, 'Adidas', 2, 'Blue/White', '2023-04-04 12:00:00.000000', 'Introducing our new line of clothing, perfect for people looking for style, comfort and quality. Our clothes are made with the best materials, combining modern design with carefully thought out details. With a touch of elegance and a dose of personality, our pieces are ideal for all occasions. \r\n\r\n We emphasize the durability and high quality of the fabrics used in our clothing. Each piece is meticulously crafted to ensure comfort and strength, making them perfect for everyday wear. In addition, our designers work tirelessly to create body-flattering cuts and shapes that provide an impeccable fit.', 2, 'adidas-superstar-sneakers-32', 0, '/images/clothes/shoes/adidas-superstar-sneakers-32-ad168060960000032.webp', b'0', 'Adidas Superstar Sneakers', 19006.00, 29, 5, 0, 'ad168060960000032'),
(33, 'Puma', 3, 'Black/Gold', '2023-04-08 12:00:00.000000', 'Introducing our new line of clothing, perfect for people looking for style, comfort and quality. Our clothes are made with the best materials, combining modern design with carefully thought out details. With a touch of elegance and a dose of personality, our pieces are ideal for all occasions. \r\n\r\n We emphasize the durability and high quality of the fabrics used in our clothing. Each piece is meticulously crafted to ensure comfort and strength, making them perfect for everyday wear. In addition, our designers work tirelessly to create body-flattering cuts and shapes that provide an impeccable fit.', 0, 'puma-gold-backpack-33', 1, '/images/clothes/accessories/puma-gold-backpack-33-pu168095520000033.jpg', b'0', 'Puma Gold Backpack', 23850.00, 45, 0, 0.5, 'pu168095520000033'),
(34, 'Under Armour', 0, 'Gray/Black', '2023-04-11 12:00:00.000000', 'Introducing our new line of clothing, perfect for people looking for style, comfort and quality. Our clothes are made with the best materials, combining modern design with carefully thought out details. With a touch of elegance and a dose of personality, our pieces are ideal for all occasions. \r\n\r\n We emphasize the durability and high quality of the fabrics used in our clothing. Each piece is meticulously crafted to ensure comfort and strength, making them perfect for everyday wear. In addition, our designers work tirelessly to create body-flattering cuts and shapes that provide an impeccable fit.', 1, 'under-armour-performance-t-shirt-34', 0, '/images/clothes/tops/under-armour-performance-t-shirt-34-un168121440000034.jpeg', b'0', 'Under Armour Performance T-shirt', 15232.00, 40, 6, 0.3, 'un168121440000034'),
(35, 'Nike', 2, 'Red/Black', '2023-04-08 12:00:00.000000', 'Introducing our new line of clothing, perfect for people looking for style, comfort and quality. Our clothes are made with the best materials, combining modern design with carefully thought out details. With a touch of elegance and a dose of personality, our pieces are ideal for all occasions. \r\n\r\n We emphasize the durability and high quality of the fabrics used in our clothing. Each piece is meticulously crafted to ensure comfort and strength, making them perfect for everyday wear. In addition, our designers work tirelessly to create body-flattering cuts and shapes that provide an impeccable fit.', 2, 'nike-air-zoom-pegasus-35', 2, '/images/clothes/shoes/nike-air-zoom-pegasus-35-ni168095520000035.webp', b'0', 'Nike Air Zoom Pegasus', 3610.00, 38, 2, 0, 'ni168095520000035'),
(36, 'Levi\'s', 1, 'Blue', '2023-04-04 12:00:00.000000', 'Introducing our new line of clothing, perfect for people looking for style, comfort and quality. Our clothes are made with the best materials, combining modern design with carefully thought out details. With a touch of elegance and a dose of personality, our pieces are ideal for all occasions. \r\n\r\n We emphasize the durability and high quality of the fabrics used in our clothing. Each piece is meticulously crafted to ensure comfort and strength, making them perfect for everyday wear. In addition, our designers work tirelessly to create body-flattering cuts and shapes that provide an impeccable fit.', 1, 'levi\'s-501-jeans-36', 1, '/images/clothes/bottoms/levi\'s-501-jeans-36-le168060960000036.webp', b'0', 'Levi\'s 501 Jeans', 17356.00, 44, 1, 0, 'le168060960000036'),
(37, 'Converse', 2, 'White', '2023-04-04 12:00:00.000000', 'Introducing our new line of clothing, perfect for people looking for style, comfort and quality. Our clothes are made with the best materials, combining modern design with carefully thought out details. With a touch of elegance and a dose of personality, our pieces are ideal for all occasions. \r\n\r\n We emphasize the durability and high quality of the fabrics used in our clothing. Each piece is meticulously crafted to ensure comfort and strength, making them perfect for everyday wear. In addition, our designers work tirelessly to create body-flattering cuts and shapes that provide an impeccable fit.', 2, 'converse-chuck-taylor-all-star-37', 0, '/images/clothes/shoes/converse-chuck-taylor-all-star-37-co168060960000037.jpg', b'0', 'Converse Chuck Taylor All Star', 5949.00, 78, 6, 0, 'co168060960000037'),
(38, 'Adidas', 2, 'Black/White', '2023-04-11 12:00:00.000000', 'Introducing our new line of clothing, perfect for people looking for style, comfort and quality. Our clothes are made with the best materials, combining modern design with carefully thought out details. With a touch of elegance and a dose of personality, our pieces are ideal for all occasions. \r\n\r\n We emphasize the durability and high quality of the fabrics used in our clothing. Each piece is meticulously crafted to ensure comfort and strength, making them perfect for everyday wear. In addition, our designers work tirelessly to create body-flattering cuts and shapes that provide an impeccable fit.', 2, 'adidas-ultraboost-38', 2, '/images/clothes/shoes/adidas-ultraboost-38-ad168121440000038.webp', b'0', 'Adidas Ultraboost', 22678.00, 29, 5, 0, 'ad168121440000038'),
(39, 'Zara', 0, 'Pink', '2023-04-09 12:00:00.000000', 'Introducing our new line of clothing, perfect for people looking for style, comfort and quality. Our clothes are made with the best materials, combining modern design with carefully thought out details. With a touch of elegance and a dose of personality, our pieces are ideal for all occasions. \r\n\r\n We emphasize the durability and high quality of the fabrics used in our clothing. Each piece is meticulously crafted to ensure comfort and strength, making them perfect for everyday wear. In addition, our designers work tirelessly to create body-flattering cuts and shapes that provide an impeccable fit.', 1, 'zara-floral-blouse-39', 1, '/images/clothes/tops/zara-floral-blouse-39-za168104160000039.jpg', b'0', 'Zara Floral Blouse', 2539.00, 46, 0, 0, 'za168104160000039'),
(40, 'Puma', 1, 'Blue/Gray', '2023-04-06 12:00:00.000000', 'Introducing our new line of clothing, perfect for people looking for style, comfort and quality. Our clothes are made with the best materials, combining modern design with carefully thought out details. With a touch of elegance and a dose of personality, our pieces are ideal for all occasions. \r\n\r\n We emphasize the durability and high quality of the fabrics used in our clothing. Each piece is meticulously crafted to ensure comfort and strength, making them perfect for everyday wear. In addition, our designers work tirelessly to create body-flattering cuts and shapes that provide an impeccable fit.', 2, 'puma-tracksuit-40', 1, '/images/clothes/bottoms/puma-tracksuit-40-pu168078240000040.webp', b'0', 'Puma Tracksuit', 12667.00, 91, 1, 0, 'pu168078240000040');

--
-- Extraindo dados da tabela `shopping_carts`
--

INSERT INTO `shopping_carts` (`id`, `added_date`, `product_id`, `product_image`, `product_name`, `product_price`, `quantity`, `user_id`) VALUES
(22, '2023-05-24 22:17:45.032234', 15, '/images/clothes/shoes/converse-high-top-sneakers-15-co168086880000015.jpg', 'Converse High-Top Sneakers', 8189.00, 2, 4),
(40, '2023-05-29 02:26:22.445018', 4, '/images/clothes/tops/adidas-hoodie-4-ad16815600000004.webp', 'Adidas Hoodie', 12416.00, 1, 2);

--
-- Extraindo dados da tabela `users`
--

INSERT INTO `users` (`id`, `address_id`, `birthdate`, `created_time`, `email`, `name`, `password`, `phone_number`, `role`) VALUES
(2, 1, '2000-12-13', '2023-05-16 16:33:25.893102', 'josematoso@clothes.ao', 'José Matoso', '$2a$10$lENnxXd4JIkBsio1ZqPtPuzPpdyrPe/HtaB9yHQGCJYkCmhKl5vWe', '941566710', 1),
(3, 2, '2001-07-05', '2023-05-22 12:26:31.262648', 'eduardovatuva@gmail.com', 'Eduardo Vatuva', '$2a$10$lENnxXd4JIkBsio1ZqPtPuzPpdyrPe/HtaB9yHQGCJYkCmhKl5vWe', '9556666444', 0),
(4, 3, '2023-05-24', '2023-05-24 22:15:52.746171', 'santaclara@gmail.com', 'Santa Clara', '$2a$10$lENnxXd4JIkBsio1ZqPtPuzPpdyrPe/HtaB9yHQGCJYkCmhKl5vWe', '99556358', 0),
(5, 4, '2023-05-24', '2023-05-24 22:25:25.050948', 'santa@gmail.com', 'Santa Clara', '$2a$10$36U6P1es98Gybyj3PSlc0eN0J1Isy49sZNXWItixSsQBwzK3gtVgW', '94568745', 0),
(6, 5, '2000-01-10', '2023-05-29 04:09:46.381936', 'b@clothes.ao', 'Bernarda Gonçalves', '$2a$10$eByphPzvLubMtWHubF2oMui0NEl3Jqwrwooi4hb2dOB2EoIm1HBsa', '965485412', 0);
COMMIT;

/*!40101 SET CHARACTER_SET_CLIENT=@OLD_CHARACTER_SET_CLIENT */;
/*!40101 SET CHARACTER_SET_RESULTS=@OLD_CHARACTER_SET_RESULTS */;
/*!40101 SET COLLATION_CONNECTION=@OLD_COLLATION_CONNECTION */;
